{"setTargetAngle": [{"index": 145.0, "targetAngle": -2.2935306165926743, "angularVelocity": 1.5, "maxImpulse": 350}, {"index": 90.0, "targetAngle": 2.0437433974493904, "angularVelocity": 1.5, "maxImpulse": 350}, {"index": 92.0, "targetAngle": 4.6984996541516235, "angularVelocity": 1.5, "maxImpulse": 350}]}